{"cameraMode":{"drawMode":0,"name":"Shaded","section":"Shading Mode"},"sceneLighting":false,"audioPlay":false,"sceneViewState":{"showFog":true,"showMaterialUpdate":false,"showSkybox":false,"showFlares":true,"showImageEffects":true,"showParticleSystems":true,"showVisualEffectGraphs":true,"m_FxEnabled":true},"in2DMode":false,"pivot":{"x":5.452279567718506,"y":-0.051734887063503268,"z":10.752635955810547},"rotation":{"x":-0.08284173160791397,"y":0.8937729597091675,"z":-0.18021710216999055,"w":-0.40052300691604617},"size":8.959772109985352,"orthographic":false}