{"cameraMode":{"drawMode":0,"name":"Shaded","section":"Shading Mode"},"sceneLighting":false,"audioPlay":false,"sceneViewState":{"showFog":true,"showMaterialUpdate":false,"showSkybox":false,"showFlares":true,"showImageEffects":true,"showParticleSystems":true,"showVisualEffectGraphs":true,"m_FxEnabled":true},"in2DMode":false,"pivot":{"x":-0.08536958694458008,"y":2.4994945526123049,"z":-60.05594253540039},"rotation":{"x":0.00386716122739017,"y":-0.9956147074699402,"z":0.07812608033418656,"w":0.04993249475955963},"size":3.340149402618408,"orthographic":false}