{"cameraMode":{"drawMode":0,"name":"Shaded","section":"Shading Mode"},"sceneLighting":false,"audioPlay":false,"sceneViewState":{"showFog":true,"showMaterialUpdate":false,"showSkybox":false,"showFlares":true,"showImageEffects":true,"showParticleSystems":true,"showVisualEffectGraphs":true,"m_FxEnabled":true},"in2DMode":false,"pivot":{"x":0.04581928253173828,"y":-0.20877456665039063,"z":0.14883708953857423},"rotation":{"x":-0.10026505589485169,"y":0.8956329822540283,"z":-0.2583240568637848,"w":-0.3475983142852783},"size":3.3732247352600099,"orthographic":false}